M,21,65,178,Managment Eng.,PS4,Music,On foot,Web security and privacy
M,24,85,185,Computer Eng.,PS4,Volleyball,Train,Ethical hacking
M,21,69,175,Computer Eng.,Music,Computer,Bus,Ethical hacking
M,24,61,170,Computer Eng.,Gaming,Football,Bus,Cryptography
M,22,,,Computer Application,Gaming,Football,Subway,Network Security
M,22,,,BS Information Technology,Gaming,Football,Bicycle,Ethical hacking
M,23,74,176,Computer Eng.,Gaming,Football,Bus,Security
M,22,65,175,Computer Eng.,Gaming,Music,Train,Ethical hacking
F,22,50,170,Computer Science,Music,Playing guitar/Bass,On foot,Ethical hacking
M,23,85,190,Computer Science,Basket,Basket,On foot,Security
M,23,75,175,Computer Science,Gaming,Music,Bus,Ethical hacking
F,24,,,Economy,Theatre,Computer,Car,Ethical hacking
F,23,67,166,Computer Eng.,Salsa and Bachata,Reading,Train,Ethical hacking
M,25,64,165,Information Eng.,Crossfit,Music,On foot,Ethical hacking
F,25,52,154,Computer Science,Music,Tv Series,On foot,Ethical hacking
F,25,63,168,Computer Eng.,Tv Series,Music,On foot,Ethical hacking
M,22,67,177,Computer Eng.,Music,Travels,Motor Bike,Networking
M,22,67,178,Computer Eng.,Tv Series,Football,Train,Network Infrastructures
F,23,64,178,BA Global Governance,Theatre,Theatre,Subway,Security Governance
F,21,,,BA Global Governance,Movies,Music,Subway,Security Governance
M,23,56,172,Cybersecurity ,Climbing,Airplanes,Bus,Reverse Eng.
M,24,68,183,Computer Science,Swimming,Running,Bus,Cyber Security
M,24,65,173,Computer Science,Brazilian Jiu Jitsu,Magic: the Gathering,Subway,Ethical hacking
M,21,,,Computer Eng.,Driving car (motorsport),cars,On foot,Cyber Security
M,26,59,170,Computer Science,Playing Guitar,Music,Train,Exploitation
M,25,73,175,Computer Science,Drawing,Graphic 3d design,Train,Cryptography
M,23,65,175,Computer Eng.,Swimming,Climbing,Bus,Ethical hacking
M,54,63,167,Electronics Eng.,Playing piano,Math,Bus,Cyber Security
M,29,90,180,Computer Science,Movies,Basket,Car,Penetration Testing
M,21,80,192,Computer Eng.,Drawing,Reading,Car,General Interest
M,22,77,173,Computer Eng.,Gaming,Babnet,Car,Programming
M,22,72,173,Cybersecurity,Soccer,Travels,Subway,Ethical hacking
M,23,68,172,Computer Science,Krav Maga,Music,Subway,Security
M,22,83,184,Computer Eng.,Soccer,Music,Subway,Security
M,23,65,176,Computer Science,Boxe,Football,Subway,Security Governance
M,25,85,183,Computer Eng.,Reading,Space,bus/train/subway,security/talend/ethical hacking
M,22,75,183,Computer Eng.,Swimming,Soccer,Subway,Security
M,22,89,196,Computer Eng.,Gaming,Basket,Bus,Hacking
M,22,73,190,Computer Eng.,Gaming,Volleyball,Car,Hacking
M,23,65,175,Computer Eng.,Gaming,Kick Boxing,Subway,Hacking
M,21,71,178,Computer Science,Gaming,HipHop music and culture,Subway,Cyberwar
